<TICKER>,<DTYYYYMMDD>,<FIRST>,<HIGH>,<LOW>,<CLOSE>,<VALUE>,<VOL>,<OPENINT>,<PER>,<OPEN>,<LAST>
Sabzevar.Steel,20221011,23950.00,24490.00,23950.00,24530.00,7194021550,298363,703,D,24630.00,24100.00
Sabzevar.Steel,20221010,24700.00,24700.00,24010.00,24630.00,11021868440,454224,705,D,24770.00,24090.00
Sabzevar.Steel,20221009,24400.00,24750.00,24090.00,24770.00,19088364380,789803,811,D,25350.00,24110.00
Sabzevar.Steel,20221008,24520.00,24900.00,24410.00,25350.00,6196929380,252684,654,D,25510.00,24500.00
Sabzevar.Steel,20221004,24820.00,24920.00,24490.00,25510.00,8556147300,347923,649,D,25770.00,24860.00
Sabzevar.Steel,20221003,25060.00,25710.00,24780.00,25770.00,11377390040,455316,756,D,26080.00,24820.00
Sabzevar.Steel,20221002,25200.00,25760.00,25030.00,26080.00,8771377300,349022,764,D,26340.00,25060.00
Sabzevar.Steel,20221001,25850.00,26390.00,25260.00,26340.00,7027835770,276007,849,D,26520.00,25280.00
Sabzevar.Steel,20220928,25810.00,26440.00,25550.00,26520.00,9543909300,365655,784,D,26650.00,26010.00
Sabzevar.Steel,20220926,25500.00,26750.00,25430.00,26650.00,7171433290,274552,735,D,26760.00,25870.00
Sabzevar.Steel,20220924,26490.00,26990.00,25710.00,26760.00,12458082700,478361,773,D,27060.00,25730.00
Sabzevar.Steel,20220921,27110.00,27200.00,26500.00,27060.00,26398914020,993947,863,D,27890.00,26500.00
Sabzevar.Steel,20220920,26860.00,27940.00,26860.00,27890.00,13309702180,487809,886,D,28150.00,27230.00
Sabzevar.Steel,20220914,28290.00,28800.00,27120.00,28150.00,105456277600,3745996,2400,D,27590.00,27550.00
Sabzevar.Steel,20220913,27470.00,27470.00,27120.00,27590.00,18533985200,679927,853,D,27830.00,27280.00
Sabzevar.Steel,20220912,28100.00,28100.00,26360.00,27830.00,110908945660,3985079,1227,D,26880.00,27250.00
Sabzevar.Steel,20220911,26500.00,27000.00,26220.00,26880.00,20258150680,761240,1130,D,27120.00,26620.00
Sabzevar.Steel,20220910,27590.00,27590.00,25910.00,27120.00,89259536650,3291097,1163,D,26570.00,26500.00
Sabzevar.Steel,20220907,26050.00,26260.00,25910.00,26570.00,11397373850,438421,940,D,26790.00,26200.00
Sabzevar.Steel,20220906,27200.00,27200.00,25810.00,26790.00,86627304740,3233310,1194,D,26180.00,26230.00
Sabzevar.Steel,20220905,25410.00,26390.00,25410.00,26180.00,16997313010,653760,908,D,26310.00,25760.00
Sabzevar.Steel,20220904,26900.00,26900.00,25650.00,26310.00,22145282550,836070,1057,D,26120.00,25870.00
Sabzevar.Steel,20220903,25650.00,26000.00,25520.00,26120.00,18993667630,741095,816,D,26550.00,25870.00
Sabzevar.Steel,20220831,27500.00,27500.00,25730.00,26550.00,68591234670,2583252,1558,D,26350.00,25840.00
Sabzevar.Steel,20220830,27200.00,27200.00,25800.00,26350.00,25319885540,951079,779,D,25940.00,26000.00
Sabzevar.Steel,20220829,25670.00,26020.00,25500.00,25940.00,9867581540,384893,825,D,26030.00,25700.00
Sabzevar.Steel,20220828,25610.00,27300.00,25560.00,26030.00,11662804850,448599,812,D,26040.00,25670.00
Sabzevar.Steel,20220827,25860.00,26140.00,25590.00,26040.00,13566735670,525337,1039,D,26150.00,25720.00
Sabzevar.Steel,20220824,26210.00,26240.00,25630.00,26150.00,23901484380,920687,1172,D,26410.00,25950.00
Sabzevar.Steel,20220823,26990.00,27200.00,25910.00,26410.00,32719271030,1233387,1026,D,26010.00,26290.00
Sabzevar.Steel,20220822,25250.00,26070.00,25250.00,26010.00,7287159280,283877,843,D,26080.00,25380.00
Sabzevar.Steel,20220821,25400.00,26190.00,25170.00,26080.00,7464286180,291796,811,D,26190.00,25300.00
Sabzevar.Steel,20220820,26850.00,26850.00,25350.00,26190.00,14410116070,561746,915,D,26480.00,25430.00
Sabzevar.Steel,20220817,27010.00,27080.00,26140.00,26480.00,14981575140,560417,1085,D,26340.00,26160.00
Sabzevar.Steel,20220816,26600.00,27080.00,26110.00,26340.00,17279874660,646178,1065,D,26070.00,26480.00
Sabzevar.Steel,20220815,26450.00,26760.00,25340.00,26070.00,16334320430,623672,934,D,26000.00,25660.00
Sabzevar.Steel,20220814,25250.00,26800.00,25250.00,26000.00,6912616440,268855,703,D,26060.00,25520.00
Sabzevar.Steel,20220813,24640.00,26590.00,24620.00,26060.00,33047041860,1259005,1309,D,25370.00,26580.00
Sabzevar.Steel,20220810,25000.00,25600.00,24700.00,25370.00,12055403840,482650,791,D,25540.00,24910.00
Sabzevar.Steel,20220809,25130.00,25500.00,25090.00,25540.00,6687548620,264549,575,D,25590.00,25090.00
Sabzevar.Steel,20220806,25550.00,26070.00,25070.00,25590.00,30364531460,1180118,1089,D,25190.00,26020.00
Sabzevar.Steel,20220803,24900.00,25380.00,24810.00,25190.00,23277240090,926449,867,D,25280.00,25270.00
Sabzevar.Steel,20220802,25200.00,25400.00,24860.00,25280.00,12736941680,504403,691,D,25300.00,25180.00
Sabzevar.Steel,20220801,25350.00,25430.00,24850.00,25300.00,28572507450,1129057,834,D,25300.00,25200.00
Sabzevar.Steel,20220731,24840.00,25480.00,24840.00,25300.00,49312189670,1948781,1101,D,25360.00,24870.00
Sabzevar.Steel,20220730,25300.00,25500.00,24810.00,25360.00,27792547520,1096186,1034,D,25360.00,25370.00
Sabzevar.Steel,20220727,24930.00,25550.00,24920.00,25360.00,18071177530,711944,697,D,25350.00,25370.00
Sabzevar.Steel,20220726,25340.00,25470.00,24850.00,25350.00,37857048450,1493545,1022,D,25340.00,25350.00
Sabzevar.Steel,20220725,25480.00,25680.00,24520.00,25340.00,56920525930,2246651,1739,D,25370.00,25180.00
Sabzevar.Steel,20220724,25110.00,25740.00,24510.00,25370.00,34136480410,1343074,1319,D,25110.00,25150.00
Sabzevar.Steel,20220723,24780.00,25340.00,24400.00,25110.00,68548318740,2729700,1589,D,24780.00,25190.00
Sabzevar.Steel,20220720,24310.00,25140.00,24200.00,24780.00,28128176760,1126680,1006,D,24330.00,25070.00
Sabzevar.Steel,20220719,23990.00,24670.00,23960.00,24330.00,33288802030,1364179,1098,D,23940.00,24670.00
Sabzevar.Steel,20220717,23730.00,24140.00,23720.00,23940.00,61107131160,2552704,1533,D,23730.00,23990.00
Sabzevar.Steel,20220716,24370.00,24480.00,23670.00,23730.00,51386443420,2165057,1438,D,24910.00,23670.00
Sabzevar.Steel,20220713,24690.00,25050.00,24410.00,24910.00,13371424430,541978,1232,D,25030.00,24480.00
Sabzevar.Steel,20220712,24540.00,25180.00,24540.00,25030.00,32411150500,1296703,1009,D,25180.00,24680.00
Sabzevar.Steel,20220711,25000.00,25490.00,24580.00,25180.00,47750301200,1896111,1530,D,25460.00,24600.00
Sabzevar.Steel,20220709,25340.00,25650.00,25020.00,25460.00,34745119420,1366402,1425,D,25660.00,25040.00
Sabzevar.Steel,20220706,25610.00,25850.00,25410.00,25660.00,37760887680,1472619,1162,D,25820.00,25430.00
Sabzevar.Steel,20220705,25800.00,25860.00,25600.00,25820.00,34674386020,1343809,1247,D,25880.00,25800.00
Sabzevar.Steel,20220704,25900.00,25990.00,25700.00,25880.00,47443503480,1833331,1395,D,25970.00,25890.00
Sabzevar.Steel,20220703,26000.00,26010.00,25800.00,25970.00,53260439310,2051159,1630,D,25980.00,25950.00
Sabzevar.Steel,20220702,26130.00,26170.00,25430.00,25980.00,91595707450,3525491,1975,D,26140.00,25600.00
Sabzevar.Steel,20220629,26300.00,26330.00,25910.00,26140.00,28493489120,1091592,1540,D,26220.00,25970.00
Sabzevar.Steel,20220628,26270.00,26350.00,25800.00,26220.00,44813619800,1709167,1730,D,26260.00,26290.00
Sabzevar.Steel,20220627,26340.00,26690.00,25270.00,26260.00,78452927790,2987883,1915,D,26540.00,26030.00
Sabzevar.Steel,20220626,26880.00,26970.00,26100.00,26540.00,42660569490,1607557,1448,D,26790.00,26300.00
Sabzevar.Steel,20220625,26700.00,26980.00,26700.00,26790.00,142749330600,5327921,2372,D,26430.00,26880.00
Sabzevar.Steel,20220622,26440.00,26890.00,26100.00,26430.00,91864737140,3475148,683,D,27280.00,26530.00
Sabzevar.Steel,20220615,27150.00,27610.00,26900.00,27280.00,33042998190,1212430,1433,D,27380.00,27250.00
Sabzevar.Steel,20220614,27420.00,27950.00,27150.00,27380.00,75473766250,2756736,1803,D,27670.00,27300.00
Sabzevar.Steel,20220613,27100.00,27910.00,27100.00,27670.00,42334573140,1528519,2174,D,27010.00,27900.00
Sabzevar.Steel,20220612,26990.00,27300.00,26630.00,27010.00,33788762980,1247987,1729,D,26760.00,27230.00
Sabzevar.Steel,20220611,26650.00,27040.00,26150.00,26760.00,57296745990,2140836,1749,D,26650.00,26910.00
Sabzevar.Steel,20220608,26510.00,26870.00,26000.00,26650.00,47076320180,1766156,1570,D,26610.00,26750.00
Sabzevar.Steel,20220607,26500.00,26750.00,26010.00,26610.00,53980960190,2028232,1899,D,26460.00,26730.00
Sabzevar.Steel,20220606,26960.00,27090.00,25860.00,26460.00,69261605330,2617211,2641,D,27090.00,26550.00
Sabzevar.Steel,20220601,27110.00,27150.00,27000.00,27090.00,45717786480,1687890,2012,D,27100.00,27110.00
Sabzevar.Steel,20220531,27140.00,27300.00,27000.00,27100.00,43317597240,1598700,1712,D,27100.00,27040.00
Sabzevar.Steel,20220530,27020.00,27300.00,27010.00,27100.00,64726827960,2388086,2466,D,27120.00,27120.00
Sabzevar.Steel,20220529,27150.00,27420.00,26900.00,27120.00,68746439940,2534992,2432,D,27430.00,27190.00
Sabzevar.Steel,20220528,27600.00,27650.00,27250.00,27430.00,65394015300,2383760,2250,D,27560.00,27300.00
Sabzevar.Steel,20220525,27420.00,27990.00,27420.00,27560.00,45037308800,1634016,2294,D,27480.00,27490.00
Sabzevar.Steel,20220524,27330.00,27750.00,27310.00,27480.00,52714463340,1917936,2098,D,27440.00,27490.00
Sabzevar.Steel,20220523,28000.00,28220.00,27200.00,27440.00,69866667550,2546235,2402,D,28020.00,27340.00
Sabzevar.Steel,20220522,27990.00,28220.00,27950.00,28020.00,100389717220,3583163,2148,D,27990.00,27980.00
Sabzevar.Steel,20220521,28000.00,28380.00,27900.00,27990.00,82060054480,2931603,2510,D,27920.00,27980.00
Sabzevar.Steel,20220518,28310.00,28320.00,27410.00,27920.00,92547466160,3314977,5616,D,28680.00,28010.00
Sabzevar.Steel,20220517,28700.00,28870.00,28300.00,28680.00,148377117190,5172933,4422,D,28190.00,28370.00
Sabzevar.Steel,20220516,27990.00,28780.00,27900.00,28190.00,170162931190,6037283,11642,D,28000.00,28670.00
Sabzevar.Steel,20220515,28020.00,28130.00,27900.00,28000.00,80310306620,2868580,4014,D,28010.00,27990.00
Sabzevar.Steel,20220514,28030.00,28140.00,27960.00,28010.00,132766365430,4739808,3879,D,28020.00,28010.00
Sabzevar.Steel,20220511,27710.00,28130.00,27710.00,28020.00,88243875750,3149126,3848,D,27850.00,28020.00
Sabzevar.Steel,20220510,28000.00,28020.00,27510.00,27850.00,72741108960,2611506,2688,D,27880.00,27870.00
Sabzevar.Steel,20220509,28000.00,28090.00,27500.00,27880.00,96188540810,3449956,3460,D,27900.00,27730.00
Sabzevar.Steel,20220508,28200.00,28200.00,27660.00,27900.00,106134820230,3803774,4028,D,28010.00,27850.00
Sabzevar.Steel,20220507,28000.00,28100.00,27970.00,28010.00,118031268170,4214301,3821,D,27990.00,28000.00
Sabzevar.Steel,20220502,28000.00,28060.00,27850.00,27990.00,101862813720,3639648,3029,D,28020.00,27950.00
Sabzevar.Steel,20220501,28380.00,28380.00,27970.00,28020.00,92322714990,3295404,2924,D,28090.00,28050.00
Sabzevar.Steel,20220430,28040.00,28340.00,27940.00,28090.00,102406176330,3645654,3426,D,27920.00,28080.00
Sabzevar.Steel,20220427,27790.00,28140.00,27250.00,27920.00,168466471310,6034026,8939,D,27990.00,28030.00
Sabzevar.Steel,20220426,28210.00,28450.00,27700.00,27990.00,143419731850,5123052,5200,D,27890.00,28000.00
Sabzevar.Steel,20220425,27160.00,28320.00,27100.00,27890.00,170110558130,6098800,4860,D,27420.00,28190.00
Sabzevar.Steel,20220424,28000.00,28000.00,27160.00,27420.00,512882559180,18703553,10835,D,28580.00,27300.00
Sabzevar.Steel,20220420,29700.00,29700.00,28470.00,28580.00,728402220380,25487915,11284,D,29960.00,28470.00
Sabzevar.Steel,20220419,29400.00,30450.00,29190.00,29960.00,108875498590,3634068,3189,D,29590.00,30100.00
Sabzevar.Steel,20220418,29290.00,29870.00,29290.00,29590.00,107369416600,3628569,3043,D,29300.00,29420.00
Sabzevar.Steel,20220417,29370.00,29660.00,29060.00,29300.00,50593645940,1726745,2469,D,29400.00,29400.00
Sabzevar.Steel,20220416,29200.00,29680.00,29200.00,29400.00,67830619990,2306905,2658,D,29170.00,29600.00
Sabzevar.Steel,20220413,28600.00,29480.00,28600.00,29170.00,57667293480,1976805,2149,D,28860.00,29360.00
Sabzevar.Steel,20220412,29530.00,29550.00,28620.00,28860.00,71357957580,2472591,2629,D,29510.00,28660.00
Sabzevar.Steel,20220411,28950.00,30000.00,28950.00,29510.00,76110491970,2579362,3179,D,29050.00,29550.00
Sabzevar.Steel,20220410,29110.00,29500.00,28950.00,29050.00,72799736680,2505920,2792,D,28980.00,29000.00
Sabzevar.Steel,20220409,28900.00,29340.00,28790.00,28980.00,100493436700,3467428,3324,D,29340.00,29090.00
Sabzevar.Steel,20220406,29430.00,29800.00,28910.00,29340.00,66209696540,2256504,2572,D,29480.00,29070.00
Sabzevar.Steel,20220405,29990.00,29990.00,29100.00,29480.00,64003623820,2171240,2743,D,29880.00,29420.00
Sabzevar.Steel,20220404,30100.00,30840.00,29390.00,29880.00,100144049970,3351554,3309,D,29880.00,29500.00
Sabzevar.Steel,20220403,28850.00,30150.00,28850.00,29880.00,159200008440,5327724,3723,D,28720.00,30150.00
Sabzevar.Steel,20220330,28900.00,28900.00,28620.00,28720.00,72845235200,2536332,2910,D,28860.00,28850.00
Sabzevar.Steel,20220329,29090.00,29130.00,28740.00,28860.00,69160808010,2396426,3062,D,28990.00,28750.00
Sabzevar.Steel,20220328,28940.00,29320.00,28770.00,28990.00,96926015590,3343940,3013,D,29030.00,29090.00
Sabzevar.Steel,20220327,29340.00,29360.00,28910.00,29030.00,102268526570,3522416,3545,D,29340.00,29070.00
Sabzevar.Steel,20220326,29800.00,29800.00,29020.00,29340.00,55619652200,1895449,2376,D,29380.00,29350.00
Sabzevar.Steel,20220319,29150.00,29590.00,28990.00,29380.00,64709096160,2202799,2127,D,29110.00,29470.00
Sabzevar.Steel,20220316,29400.00,29540.00,28950.00,29110.00,43035522030,1477620,1929,D,28990.00,29190.00
Sabzevar.Steel,20220315,28890.00,29400.00,28770.00,28990.00,36052464660,1242349,2067,D,28890.00,29110.00
Sabzevar.Steel,20220314,29540.00,29540.00,28760.00,28890.00,48322258480,1672556,2498,D,29160.00,28810.00
Sabzevar.Steel,20220313,28730.00,29720.00,28110.00,29160.00,47918781800,1643252,2715,D,29050.00,29260.00
Sabzevar.Steel,20220312,29700.00,29800.00,28720.00,29050.00,117605453850,4047788,4376,D,30230.00,28830.00
Sabzevar.Steel,20220309,30220.00,31190.00,29600.00,30230.00,161553725140,5344474,6218,D,30890.00,29850.00
Sabzevar.Steel,20220308,28650.00,31450.00,28650.00,30890.00,54896124260,1776960,2009,D,30100.00,30920.00
Sabzevar.Steel,20220228,35300.00,36180.00,35260.00,35850.00,273327671340,7625166,6142,D,35210.00,35990.00
Sabzevar.Steel,20220227,34540.00,35450.00,34470.00,35210.00,73505104870,2087580,4104,D,34920.00,35210.00
Sabzevar.Steel,20220226,35600.00,35600.00,33650.00,34920.00,102116640350,2924266,4963,D,35140.00,34950.00
Sabzevar.Steel,20220223,34800.00,35220.00,34800.00,35140.00,200570628710,5708070,5502,D,33550.00,35210.00
Sabzevar.Steel,20220221,33400.00,34970.00,33400.00,33550.00,11767757740,344776,531,D,33390.00,34300.00
Sabzevar.Steel,20220220,33090.00,33600.00,33010.00,33390.00,30505461180,917541,3134,D,33580.00,33290.00
Sabzevar.Steel,20220219,34000.00,34420.00,33110.00,33580.00,74765388770,2226374,5088,D,34400.00,33660.00
Sabzevar.Steel,20220216,34980.00,35000.00,33700.00,34400.00,137502027960,3996995,8021,D,35160.00,34410.00
Sabzevar.Steel,20220214,33630.00,35290.00,33630.00,35160.00,500363065500,14231482,10373,D,33610.00,35280.00
Sabzevar.Steel,20220213,33810.00,33820.00,33280.00,33610.00,78384756760,2332208,3438,D,33670.00,33590.00
Sabzevar.Steel,20220208,33700.00,33720.00,33410.00,33670.00,120108536650,3567465,6437,D,33700.00,33700.00
Sabzevar.Steel,20220207,33690.00,33770.00,33550.00,33700.00,125764577670,3732158,4014,D,33680.00,33700.00
Sabzevar.Steel,20220206,33720.00,33780.00,32030.00,33680.00,158632221610,4709716,4803,D,33710.00,33680.00
Sabzevar.Steel,20220205,33220.00,33960.00,33220.00,33710.00,91802517950,2723313,3810,D,33710.00,33730.00
Sabzevar.Steel,20220202,33610.00,33750.00,33030.00,33710.00,77834574380,2309003,3889,D,33710.00,33720.00
Sabzevar.Steel,20220201,33710.00,33810.00,33680.00,33710.00,103071658700,3057173,3920,D,33710.00,33720.00
Sabzevar.Steel,20220131,33700.00,33980.00,33670.00,33710.00,64237863560,1905424,3358,D,33680.00,33720.00
Sabzevar.Steel,20220130,33700.00,34100.00,33510.00,33680.00,193386221470,5741641,3725,D,33660.00,33700.00
Sabzevar.Steel,20220129,34000.00,34000.00,33200.00,33660.00,77636749940,2306676,2422,D,33080.00,33680.00
Sabzevar.Steel,20220125,33600.00,33690.00,32000.00,33080.00,183525762920,5547102,3827,D,33580.00,32600.00
Sabzevar.Steel,20220124,33700.00,33800.00,33060.00,33580.00,58076652810,1729496,3070,D,33670.00,33610.00
Sabzevar.Steel,20220123,34000.00,34090.00,33300.00,33670.00,164593215610,4888923,2957,D,34090.00,33390.00
Sabzevar.Steel,20220122,34000.00,34850.00,33800.00,34090.00,85917240370,2520660,3364,D,33860.00,33840.00
Sabzevar.Steel,20220119,33830.00,34000.00,33700.00,33860.00,58708347610,1734011,2945,D,33840.00,34000.00
Sabzevar.Steel,20220118,33750.00,34200.00,33650.00,33840.00,66613190680,1968436,3396,D,34120.00,34000.00
Sabzevar.Steel,20220117,34180.00,34250.00,34000.00,34120.00,72261790080,2118011,3072,D,34180.00,34100.00
Sabzevar.Steel,20220116,34200.00,34220.00,33980.00,34180.00,90508170770,2648373,3178,D,34180.00,34000.00
Sabzevar.Steel,20220115,34210.00,34250.00,34010.00,34180.00,66255277780,1938302,3633,D,34200.00,34220.00
Sabzevar.Steel,20220112,34200.00,34280.00,34150.00,34200.00,65734506150,1921876,3340,D,34190.00,34210.00
Sabzevar.Steel,20220111,34200.00,34350.00,34120.00,34190.00,81675081520,2388728,3129,D,34180.00,34200.00
Sabzevar.Steel,20220110,33570.00,34270.00,33570.00,34180.00,63421836670,1855387,3622,D,34150.00,34200.00
Sabzevar.Steel,20220109,34270.00,34310.00,33650.00,34150.00,125435348880,3673262,3478,D,34270.00,34220.00
Sabzevar.Steel,20220108,34150.00,34400.00,34100.00,34270.00,80145112600,2338611,3658,D,34290.00,34310.00
Sabzevar.Steel,20220105,34210.00,34710.00,34020.00,34290.00,91225567660,2660038,3114,D,34310.00,34320.00
Sabzevar.Steel,20220104,34170.00,34520.00,34110.00,34310.00,83889368030,2444706,3183,D,34350.00,34260.00
Sabzevar.Steel,20220103,34500.00,34510.00,34220.00,34350.00,69400687350,2020139,3073,D,34510.00,34400.00
Sabzevar.Steel,20220102,34190.00,34760.00,34190.00,34510.00,68864260150,1995373,3434,D,34480.00,34570.00
Sabzevar.Steel,20220101,34420.00,35000.00,34220.00,34480.00,85374519220,2476379,3936,D,34410.00,34410.00
Sabzevar.Steel,20211229,34720.00,34750.00,34150.00,34410.00,124633712010,3622384,4102,D,34720.00,34430.00
Sabzevar.Steel,20211228,34880.00,34940.00,34550.00,34720.00,68473086610,1972016,3673,D,34880.00,34890.00
Sabzevar.Steel,20211227,34780.00,35300.00,34550.00,34880.00,121145856340,3472817,5047,D,34800.00,35000.00
Sabzevar.Steel,20211226,34990.00,35130.00,34460.00,34800.00,113349558440,3257425,4103,D,35300.00,34970.00
Sabzevar.Steel,20211225,35550.00,35550.00,34710.00,35300.00,174132448030,4932243,6601,D,35450.00,34920.00
Sabzevar.Steel,20211222,34750.00,35580.00,34690.00,35450.00,135164709160,3812401,4556,D,34450.00,35580.00
Sabzevar.Steel,20211221,33210.00,34900.00,33210.00,34450.00,127517283420,3701523,3605,D,33500.00,34410.00
Sabzevar.Steel,20211220,33600.00,34580.00,33120.00,33500.00,203718629490,6080942,4678,D,33400.00,33600.00
Sabzevar.Steel,20211219,33610.00,33650.00,33080.00,33400.00,225631038790,6756370,4980,D,33610.00,33110.00
Sabzevar.Steel,20211218,33990.00,34000.00,33360.00,33610.00,92677116340,2757528,4602,D,33670.00,33600.00
Sabzevar.Steel,20211215,33360.00,34000.00,33360.00,33670.00,66319049800,1969715,4211,D,33680.00,33690.00
Sabzevar.Steel,20211214,33660.00,33990.00,33260.00,33680.00,75185773290,2232450,4675,D,33880.00,33700.00
Sabzevar.Steel,20211213,34290.00,34640.00,32450.00,33880.00,239199756360,7060154,6172,D,34070.00,33690.00
Sabzevar.Steel,20211212,34210.00,34500.00,33900.00,34070.00,102731734730,3015244,4112,D,34750.00,34500.00
Sabzevar.Steel,20211211,35160.00,35160.00,34260.00,34750.00,131018194710,3770262,5224,D,34780.00,34270.00
Sabzevar.Steel,20211208,35000.00,35060.00,34100.00,34780.00,236313035380,6795006,7428,D,34970.00,34800.00
Sabzevar.Steel,20211207,35000.00,35050.00,34500.00,34970.00,112386078210,3213714,6041,D,34710.00,34990.00
Sabzevar.Steel,20211206,34150.00,35170.00,34120.00,34710.00,169435024950,4881788,6354,D,34150.00,34990.00
Sabzevar.Steel,20211205,33700.00,34500.00,33700.00,34150.00,169681606660,4969095,5482,D,33690.00,33990.00
Sabzevar.Steel,20211204,33350.00,33940.00,33350.00,33690.00,205175226020,6089808,10313,D,33590.00,33810.00
Sabzevar.Steel,20211201,33900.00,34030.00,33270.00,33590.00,380694938220,11335111,6432,D,33900.00,34000.00
Sabzevar.Steel,20211130,33800.00,34180.00,33400.00,33900.00,184837043690,5453079,6411,D,34180.00,33610.00
Sabzevar.Steel,20211129,34130.00,34730.00,33920.00,34180.00,270342037340,7909954,7096,D,34420.00,33970.00
Sabzevar.Steel,20211128,34090.00,34700.00,34090.00,34420.00,168777082400,4903294,7262,D,34500.00,34490.00
Sabzevar.Steel,20211127,34100.00,35130.00,34100.00,34500.00,368913205040,10692971,7571,D,34590.00,34310.00
Sabzevar.Steel,20211124,34260.00,35190.00,34220.00,34590.00,276247917890,7986969,8224,D,34460.00,35150.00
Sabzevar.Steel,20211123,34730.00,34770.00,34260.00,34460.00,180502298610,5238133,11540,D,34730.00,34730.00
Sabzevar.Steel,20211122,35000.00,35280.00,34600.00,34730.00,252518924040,7269903,8408,D,34670.00,34730.00
Sabzevar.Steel,20211121,34610.00,35150.00,34470.00,34670.00,238052824410,6866463,7929,D,34750.00,35000.00
Sabzevar.Steel,20211120,35520.00,35520.00,34440.00,34750.00,343584787020,9888170,8641,D,35570.00,34610.00
Sabzevar.Steel,20211117,35170.00,36030.00,35170.00,35570.00,160776729680,4520035,8667,D,35310.00,35410.00
Sabzevar.Steel,20211116,35150.00,35450.00,35150.00,35310.00,153418994270,4345071,8219,D,35170.00,35400.00
Sabzevar.Steel,20211115,35630.00,35630.00,35080.00,35170.00,234826306630,6676138,8369,D,35450.00,35360.00
Sabzevar.Steel,20211114,35320.00,35850.00,35160.00,35450.00,197660292340,5574972,10074,D,35150.00,35300.00
Sabzevar.Steel,20211113,35000.00,35700.00,34670.00,35150.00,225777650850,6423865,9471,D,35350.00,35110.00
Sabzevar.Steel,20211110,35300.00,35700.00,35040.00,35350.00,235906320910,6673273,11100,D,35430.00,35700.00
Sabzevar.Steel,20211109,35100.00,35720.00,35100.00,35430.00,243626879120,6876656,10759,D,35260.00,35300.00
Sabzevar.Steel,20211108,35300.00,35860.00,34950.00,35260.00,242415257010,6874839,10242,D,35300.00,35220.00
Sabzevar.Steel,20211107,35500.00,36100.00,34880.00,35300.00,376842103130,10676829,11430,D,36240.00,34920.00
Sabzevar.Steel,20211106,35400.00,36850.00,35400.00,36240.00,276853263760,7639931,12800,D,35260.00,35790.00
Sabzevar.Steel,20211103,34900.00,35930.00,34810.00,35260.00,272246061610,7720734,12053,D,34920.00,35430.00
Sabzevar.Steel,20211102,34830.00,35300.00,34700.00,34920.00,198014791230,5671333,9831,D,34840.00,34920.00
Sabzevar.Steel,20211101,34520.00,35500.00,34510.00,34840.00,152921182470,4389323,9545,D,34150.00,34600.00
Sabzevar.Steel,20211031,34250.00,34590.00,33110.00,34150.00,423008717840,12386004,16292,D,34580.00,34100.00
Sabzevar.Steel,20211030,35220.00,35220.00,33940.00,34580.00,409685336540,11845876,23591,D,35210.00,34840.00
Sabzevar.Steel,20211027,34970.00,35700.00,34700.00,35210.00,249958284720,7099968,14498,D,34700.00,35160.00
Sabzevar.Steel,20211026,34500.00,35000.00,34320.00,34700.00,266112624690,7668403,13485,D,34370.00,34890.00
Sabzevar.Steel,20211025,34260.00,34560.00,34020.00,34370.00,411308134580,11966917,16773,D,34390.00,34200.00
Sabzevar.Steel,20211023,34950.00,34950.00,33900.00,34390.00,438205965980,12742621,16473,D,34870.00,34900.00
Sabzevar.Steel,20211020,34660.00,35350.00,34600.00,34870.00,287128282500,8235121,13932,D,35140.00,34900.00
Sabzevar.Steel,20211019,35070.00,35720.00,34850.00,35140.00,276030183170,7856039,15356,D,35090.00,34880.00
Sabzevar.Steel,20211018,35010.00,35980.00,34520.00,35090.00,369023397610,10515112,16902,D,35530.00,35500.00
Sabzevar.Steel,20211017,36850.00,36870.00,35000.00,35530.00,496966382890,13988816,19657,D,36800.00,35570.00
Sabzevar.Steel,20211016,36200.00,36850.00,36180.00,36800.00,734167170300,19950932,24449,D,35100.00,36850.00
Sabzevar.Steel,20211013,35730.00,36200.00,34410.00,35100.00,428880367370,12219998,20024,D,35520.00,35130.00
Sabzevar.Steel,20211012,35020.00,36980.00,34210.00,35520.00,818819670370,23053843,30751,D,35400.00,36010.00
Sabzevar.Steel,20211011,34500.00,36220.00,34500.00,35400.00,408192195240,11530553,24155,D,34500.00,35000.00
Sabzevar.Steel,20211010,34870.00,34870.00,34050.00,34500.00,581181289110,16847997,42094,D,35220.00,34550.00
Sabzevar.Steel,20211009,35890.00,36110.00,34400.00,35220.00,801800690510,22762412,52705,D,36110.00,34460.00
Sabzevar.Steel,20211006,36520.00,36550.00,35890.00,36110.00,845530966400,23416526,47054,D,36730.00,36020.00
Sabzevar.Steel,20211004,36400.00,37090.00,36350.00,36730.00,852450874830,23206714,45409,D,36750.00,36550.00
Sabzevar.Steel,20211003,37200.00,37270.00,36130.00,36750.00,926395973310,25206887,53635,D,37140.00,36800.00
Sabzevar.Steel,20211002,37400.00,37500.00,36550.00,37140.00,1275100137960,34334388,68472,D,36740.00,37270.00
Sabzevar.Steel,20210929,36950.00,37270.00,36050.00,36740.00,1197266978180,32587030,77630,D,36580.00,37010.00
Sabzevar.Steel,20210928,36300.00,37480.00,36000.00,36580.00,1319507261120,36067988,96150,D,35880.00,36690.00
Sabzevar.Steel,20210926,36650.00,37110.00,35480.00,35880.00,2436083455690,67887674,214328,D,37340.00,35970.00
Sabzevar.Steel,20210925,38800.00,39400.00,36410.00,37340.00,5341083865670,143055136,501537,D,38320.00,36580.00
Sabzevar.Steel,20210922,38850.00,38850.00,35150.00,38320.00,7831428126100,204355917,786810,D,37000.00,37750.00
Sabzevar.Steel,20210921,37000.00,37000.00,37000.00,37000.00,207424146000,5606058,23531,D,35240.00,37000.00
Sabzevar.Steel,20210920,35240.00,35240.00,35240.00,35240.00,62642518280,1777597,6895,D,33570.00,35240.00
Sabzevar.Steel,20210919,33570.00,33570.00,33570.00,33570.00,56599926390,1686027,6250,D,31980.00,33570.00
Sabzevar.Steel,20210918,32810.00,32810.00,32810.00,31980.00,24624528390,750519,5372,D,31250.00,32810.00
Sabzevar.Steel,20210915,31250.00,31250.00,31250.00,31250.00,18848740031250,603159681,2956827,D,1000.00,31250.00
